Framework,Sce1.Case1,Sce1.Case2,Sce1.Case3,Sce1.Case4,Sce2.Case1,Sce2.Case2,Sce2.Case3,Sce2.Case4,Sce3.Case1,Sce3.Case2,Sce3.Case3,Sce3.Case4,Sce4.Case1,Sce4.Case2,Sce4.Case3,Sce4.Case4,AVE.
1,0.006,-0.002,-0.003,0.001,0.002,0.007,0.001,0.007,0,-0.001,0,0.002,0.002,0.004,0.006,0.005,0.002
2,0.01,-0.001,0.005,0.002,-0.001,0.005,-0.002,0.006,0.003,0.012,-0.006,0.009,-0.004,0.003,0.01,0.004,0.003
3,0.005,0,0.001,0.002,0.013,0.005,0.004,0.009,0.008,-0.001,0.001,-0.008,-0.002,-0.005,0.003,0.003,0.002
4,-0.002,0.004,0.004,0.022,0.011,0.017,0.016,0.012,0.003,0.006,-0.001,0.001,-0.001,0.005,0.003,0,0.006
5,-0.003,0.002,0.014,-0.009,0.005,0.007,-0.007,0.01,0.009,-0.002,0,-0.004,0.001,0,-0.005,0.014,0.002
6,0.006,0.016,-0.009,0.032,0.01,0.001,0.018,0.032,-0.001,0.007,-0.01,0.023,0.002,0.011,0.014,0.006,0.01
7,-0.016,0.009,0.001,0.017,0.022,-0.015,0.017,0.03,0.007,0,0.011,0.041,0.004,0.011,0.001,-0.016,0.008
8,0.003,0.015,0.002,-0.024,0.017,0.01,0.006,0.022,-0.001,0.017,0.004,-0.009,0.003,0.017,0.013,0.014,0.007
9,-0.004,-0.007,0.028,-0.001,0.01,0.036,0.016,-0.002,-0.01,0.041,-0.004,0.014,0.01,0.004,0.013,0.038,0.011
10,0.008,-0.004,0.015,0.013,0.011,0.009,-0.008,-0.001,0.017,0.004,0.022,0.007,0.005,0.011,-0.004,0.053,0.01
11,0.013,0.003,0.007,0.009,0.016,-0.009,0.015,0.01,-0.004,0.013,-0.005,0.018,-0.016,0.011,0.007,-0.007,0.005
12,0.014,0.001,0.022,0.029,0.006,0.055,0.016,0.043,0.001,0.007,0.011,-0.004,0.009,-0.009,0.014,0.016,0.014
13,-0.003,-0.009,0.015,0.018,0,0.026,-0.003,0.025,0.014,-0.004,0.011,0.011,-0.013,0.011,0.031,0.027,0.01
14,-0.002,0.004,-0.011,-0.012,0.001,-0.001,0.013,0.036,0.027,0.004,0.033,0.017,0.011,0.011,0.016,0.063,0.013
15,-0.016,0.002,0.017,0.017,-0.015,-0.013,0.031,0.047,-0.003,0.008,0.006,0.03,0.026,0.02,-0.011,0.052,0.012
16,0.013,0.014,0.039,-0.015,0.026,-0.003,0.001,-0.054,-0.023,0.009,0.01,-0.024,0.006,0.07,0.017,0.032,0.007
17,0.009,-0.028,0.002,0.031,0.018,0.043,0.007,0.047,0.018,0.03,0.004,0.002,0.008,0.059,0.016,0.039,0.019
18,0.005,0.026,-0.012,0.018,0.044,0.03,0.008,0.047,0.012,0.031,0.016,0.01,0.001,0.021,0.022,0,0.017
19,-0.007,-0.005,0.034,-0.007,-0.011,0.045,0.002,0.027,0.018,0.022,0.02,0.001,0.022,0.017,-0.001,0.042,0.014
20,0.012,0.002,0.005,0.012,0.043,0.022,0.043,0.009,0.013,0.044,-0.002,0.001,-0.005,0.031,0.001,0.005,0.015
21,-0.004,0.006,0.016,0.047,0.011,0.053,0.009,-0.02,-0.012,0.028,0.006,0.007,-0.012,0.038,-0.01,0.023,0.012
22,-0.023,0.005,0.008,-0.006,-0.019,0.038,0.02,0.023,0.006,0.007,0.046,-0.013,0.018,0.013,-0.009,0.013,0.008
23,-0.006,0.029,-0.011,0.053,0.023,0.03,0.054,0.029,0.014,0.04,0.013,0.016,-0.017,0.032,-0.01,0.018,0.019
24,0.03,0.013,0.011,-0.013,0.003,0.031,-0.002,0.059,0.019,-0.026,0.015,0,0.017,0.024,0.009,-0.051,0.009
25,0.004,0.032,0.017,-0.048,0.014,0.056,-0.023,0.005,0.002,0.003,0.029,-0.045,0.034,0.014,0.018,0.014,0.008
26,0.014,0.018,0.05,0.009,0.055,0.04,0.007,-0.017,-0.029,-0.005,-0.005,0.066,0.048,0.028,-0.01,0.036,0.019
27,0.029,0.056,0.018,0.025,-0.012,0.029,0.008,-0.011,0.031,0.018,0.029,0.017,0.002,0.035,-0.023,0.022,0.017
28,0.022,0.016,-0.001,0.036,0.002,0.044,-0.006,0.055,0.007,-0.009,-0.02,0.037,0.036,0.058,-0.011,0.055,0.02
29,0.01,0.035,0.013,0.027,0.011,-0.012,0.008,0.067,0.001,-0.001,0.003,0.012,0.016,0.009,0.049,-0.013,0.015
30,-0.016,-0.002,0.021,-0.025,0.02,0.029,0.038,0.003,-0.008,0.014,0.018,0.038,0.041,0.001,0.01,0.036,0.014
31,0.01,0.06,0.022,0.073,0.019,-0.009,0.013,0.035,-0.012,-0.004,0.002,-0.012,0.041,0.057,0.005,0.005,0.019
32,0.033,0.022,0.044,0.084,0.033,-0.001,0.018,0.056,0.02,0.044,0.001,0.002,0.054,0.016,0.038,0.044,0.032
33,-0.037,0.056,0.005,0.012,0.032,0.005,0.015,0.062,-0.032,-0.01,0.007,-0.063,0.006,-0.034,0.036,0.002,0.004
34,0.006,0.042,0.028,0.04,-0.007,0.05,0.021,-0.012,0.02,0.013,-0.017,0.035,0.008,0.032,0.055,-0.044,0.017
35,0.014,-0.016,0.004,-0.015,0.025,0.025,-0.001,0.048,-0.024,0.017,0.008,-0.037,0.031,0.058,0.009,0.078,0.014
36,0.023,0.052,0.003,-0.007,0.053,0.066,-0.002,-0.006,0.008,0.029,0.032,0.045,0.022,-0.011,0.041,0.087,0.027
37,0.049,0.014,0.052,-0.029,0.035,0.018,0.01,0.077,0.035,-0.017,0.038,0.056,0.017,0.016,0.017,0.015,0.025
38,-0.003,0.022,0.022,0.034,0.006,-0.024,0.043,0.045,0.034,0.007,0.03,0.075,0.059,0.05,0.021,0.014,0.027
39,0.02,-0.004,0.04,-0.005,-0.022,0.091,-0.003,0.026,0.004,0.022,0.011,-0.043,-0.002,0.022,0.047,0.03,0.015
40,0.038,-0.016,0.055,-0.008,0.001,0.079,-0.033,0.107,0,0.013,0.019,0.042,0.044,0.072,0.02,0.029,0.029
41,-0.011,-0.046,0.047,0.03,0.017,0.026,0.045,0.041,0.003,-0.011,0.028,-0.002,0.056,0.026,0.04,0.024,0.019
42,0.045,0.048,0.048,0.041,-0.03,0.052,0.009,0.146,0.039,0,-0.007,0.026,0.012,-0.017,0.011,-0.061,0.023
43,-0.014,-0.075,-0.01,0.042,0.023,0.067,0.042,0.031,0,0.011,0.004,0.134,0.023,0.046,0.005,-0.032,0.019
44,0.071,-0.024,0.047,-0.062,-0.025,0.018,0.042,0.008,-0.05,-0.052,0.05,-0.007,0.012,0.036,0.027,0.031,0.008
45,0.041,0.045,0.039,-0.023,0.029,-0.036,0.004,0.074,0.01,0.021,-0.023,-0.02,-0.018,0.002,0.082,0.021,0.015
46,0.026,0.044,0.023,0.024,0.021,0.044,0.055,0.059,0.027,0.029,0.004,-0.038,0.015,0.05,-0.005,0.073,0.028
47,0.013,0.033,0.066,0.006,0.028,0.063,-0.017,0.05,-0.03,0.064,0.041,0.045,0.012,-0.009,0.026,0.025,0.026
48,0.008,0.078,0.02,0.038,0.054,0.072,0.026,0.072,0.048,0.075,0.012,0.035,0.027,0.102,-0.016,0.065,0.045
49,0.047,-0.014,0.062,0.102,-0.013,0.092,-0.018,-0.012,0.023,0.038,0.046,0.066,0.067,0.037,0.059,0.083,0.041
50,-0.001,0.024,0.041,0.082,0.047,0.073,-0.053,0.065,0.042,0.047,0.014,0.016,0.01,0.029,0.056,0.002,0.031
51,-0.024,0.002,0.044,0.023,0.039,0.014,0.016,0.092,0.02,0.031,0.058,0.072,0.049,0.039,-0.005,0.02,0.031
52,0.084,0.087,0.032,0.039,-0.022,0.045,0.007,0.005,0.04,-0.052,0.017,0.128,0.027,-0.008,0.056,0.136,0.039
53,0.022,0.038,0.034,0.046,0.036,-0.006,0.006,0.072,0,0.034,0.018,0.034,0.069,-0.023,0.028,-0.035,0.023
54,-0.019,-0.037,0.058,0.034,0.032,0.112,0.09,0.041,0.022,-0.015,0.019,0.108,-0.004,0.079,-0.019,0.07,0.036
55,0.024,0.033,0.038,-0.034,-0.02,0.11,0.019,0.014,0.054,0.045,0.002,0.052,0.014,-0.031,0.047,-0.05,0.02
56,0.065,-0.02,0.041,0.068,0.052,0.093,0.012,0.089,-0.005,-0.012,0.072,0.018,0.016,0.065,0.057,0.032,0.04
57,0.008,-0.022,0.081,0.057,0.036,0.084,-0.02,0.038,0.007,-0.1,0.03,0.103,0.037,0.026,0.061,-0.02,0.025
58,0.032,0.007,0.044,0.016,0.045,-0.041,0.008,0.034,0.031,0.003,0.035,0.008,0.014,0.157,0.044,0.013,0.028
59,0.009,-0.004,0.043,0,0.026,0.044,0.028,0.017,0,0.047,0.042,0.009,-0.018,0.046,0.026,0.028,0.021
60,0.013,0.046,0.015,0.017,0.033,0.022,0.028,0.002,0.005,0.075,0.066,0.043,0.014,0.031,0.034,0.042,0.03
61,0.035,-0.042,0.029,0.05,-0.067,0.078,0.107,0.035,0.031,0.075,0.024,0.046,0.063,0.019,-0.033,0.042,0.031
62,-0.01,-0.092,0.082,0.107,0.029,0.008,0.082,0.015,0.031,0.009,0.008,0.089,-0.002,0.154,0.009,-0.014,0.032
63,0.039,-0.019,0.047,0.023,0.044,-0.001,0.117,0.14,0.065,-0.021,0.011,0.03,-0.005,0.053,0.11,-0.012,0.039
64,0.042,0.094,0.084,0.015,0.045,0.057,0.031,-0.039,-0.01,0.076,0.01,-0.029,0.028,0.073,0.023,0.149,0.041
65,0.023,0.014,-0.025,0.005,0.023,-0.068,0.094,0.062,-0.041,0.037,0.002,0.002,-0.031,0.021,0.035,0.007,0.01
66,0.024,0.058,0.016,0.001,0.046,0.01,0.038,0.098,0.009,0.086,0.068,0.122,0.016,0.074,-0.007,0.065,0.045
67,0.003,0.024,0.004,0.037,0.03,0.012,0.058,0.093,0.05,0.081,0.1,-0.036,0.061,0.071,0.04,0.004,0.04
68,0.058,0.077,0.053,0.002,0.025,0.004,0.071,0.137,-0.01,0.022,0.056,0.057,0.006,0.079,0.006,0.028,0.042
69,0.032,0.047,0.081,0.101,0.051,0.112,0.015,0.071,0.076,0.147,0.04,0.114,0.029,0.05,0.029,0.091,0.068
70,-0.018,-0.043,0.059,0.064,0.006,0.049,0.017,-0.105,0.01,0.119,0.041,0.055,-0.006,0.014,0.029,-0.019,0.017
71,0.022,-0.026,0.002,0.056,0.015,-0.011,0.055,0.044,0.005,-0.006,0.06,0.101,0.066,0.01,0.095,0.094,0.036
72,0.038,0.01,0.058,0.118,-0.016,0.04,0.028,0.035,0.01,0.022,0.047,0.08,0.052,0.089,0.034,0.061,0.044
73,0.02,-0.054,0.05,0.058,0.034,-0.021,0.012,0.074,0.08,0.061,0.046,0.091,0.019,0.022,0.082,-0.115,0.029
74,0.083,-0.019,0.032,0.037,0.003,0.039,0.051,0.027,0.01,0.074,-0.007,-0.032,0.015,0.009,0.044,0.007,0.023
75,0.059,0.019,0.053,0.046,0.062,0.175,0.038,0.086,0.044,0.029,0.018,0.069,0.021,-0.027,-0.021,0.135,0.05
76,-0.021,-0.014,0.089,0.032,0.075,0.061,0.135,-0.025,0.015,-0.014,-0.002,0.02,0.076,0.093,0.043,0.141,0.044
77,0.073,-0.028,0.003,0.009,0.026,-0.036,0.126,0.114,0.032,0.099,0.064,0.086,0.016,0.008,0.05,0.061,0.044
78,-0.013,-0.066,0.059,0.05,0.027,0.154,0.065,0.017,0.039,0.147,0.074,0.128,0.061,0.062,0.08,0.111,0.062
79,0.043,0.029,0.08,0.082,-0.006,-0.019,0.029,0.136,0.052,0.055,0.061,0.029,0.048,-0.026,0.009,-0.008,0.037
80,0.038,0.003,0.094,0.146,0.02,0.152,0.074,0.047,0.071,0.017,0.043,0.066,0.047,0.067,0.058,0.001,0.059
81,0.006,-0.106,0.007,0.008,0.029,-0.017,0.071,-0.018,0.018,0.072,0.046,0.056,0.072,0.09,0.06,0.116,0.032
82,0.017,0.064,0.054,0.092,0.016,0.087,0.087,0.12,0.033,0.007,0.056,0.077,0.069,0.024,0.049,0.055,0.057
83,0.061,0.04,0.111,0.054,0.036,0.005,0.066,0.153,0.065,-0.055,0.083,0.076,0.039,-0.009,0.062,0.025,0.051
84,0.02,0.02,0.01,-0.014,0.049,0.183,0.002,0.021,0.047,-0.041,-0.017,-0.093,0.044,0.071,0.149,0.135,0.036
85,-0.015,-0.052,0.033,0.08,0.065,-0.024,0.081,0.082,0.036,0.015,0.053,-0.016,0.058,0.148,-0.001,0.153,0.043
86,0.049,0.029,0.062,0.028,0.112,0.045,-0.048,0.063,0.069,0.168,0.041,0.104,0.066,0.145,-0.005,0.053,0.061
87,-0.012,0.124,-0.028,0.1,0.044,0.061,0.132,0.044,0.011,0.09,0.05,0.025,0.163,-0.029,0.042,-0.065,0.047
88,0.048,-0.05,0.034,0.032,0.046,0.049,0.02,0.174,0.011,0.055,-0.004,0.104,0.023,0.032,0.131,0.028,0.046
89,0.02,0.023,0.048,0.065,0.02,0.02,0.082,0.028,0.03,-0.003,0.043,0.064,0.098,0.118,0.042,0.221,0.057
90,0.004,0.065,-0.026,0.02,0.037,-0.001,0.057,0.063,0.048,-0.014,0.061,0.159,0.146,0.071,0.01,0.044,0.047
91,0.078,0.154,0.128,0.071,-0.002,0.058,0.11,0.059,0.044,0.126,0.112,0.073,0.032,0.066,0.057,0.048,0.076
92,0.046,0.071,0.058,0.154,0.07,0.094,0.115,0.088,0.077,0.01,0.036,0.072,0.038,0.057,0.071,0.109,0.073
93,-0.041,-0.114,0.041,0.102,0.054,0.149,0.035,0.109,0.065,0.031,0.106,0.073,0.124,-0.009,0.047,0.073,0.053
94,0.042,0.127,0.052,0.054,0.062,-0.069,-0.02,0.17,0.017,0.051,0.147,0.071,0.029,0.145,0.127,-0.043,0.06
95,0.038,0.081,0.015,0.137,0.131,0.068,0.114,-0.009,0.017,0.053,0.115,-0.064,0.102,0.056,0.107,0.007,0.061
96,0.074,0.066,0.007,0.038,0.049,-0.051,0.1,-0.032,0.025,0.009,0.134,0.07,0.089,0.024,0.003,0.044,0.04
97,0.007,0.087,0.062,0.051,0.099,-0.034,0.063,-0.004,-0.033,0.094,0.094,0.15,-0.024,0.071,0.146,0.039,0.054
98,0.021,0.014,0.024,0.045,0.051,0.104,0.109,-0.025,0.083,0.084,0.097,0.19,0.06,0.06,0.052,0.057,0.064
99,-0.023,0.005,0.041,0.007,0.09,-0.014,0.067,0.095,0.04,0.069,0.086,0.101,0.076,0.075,0.143,0.099,0.06
100,0.078,-0.053,0.068,0.061,-0.018,-0.085,-0.048,0.019,0.017,-0.025,0.046,0.146,0.039,0.155,0.044,0.053,0.031
101,0.033,-0.007,0.06,0.148,0.096,0.027,0.046,-0.01,0.005,0.053,0.03,0.024,-0.034,0.044,0,-0.009,0.032
102,0.092,0.05,0.033,0.071,0.051,-0.055,0.048,0.046,-0.01,0.134,0.041,0.032,0.008,0.105,-0.012,0.09,0.045
103,0.081,0.099,0.126,0.102,0.034,0.146,0.056,0.098,0.013,-0.001,0.072,0.037,0.087,0.124,0.077,0.04,0.074
104,0.002,-0.008,0.065,0.038,0.021,0.066,0.031,0.053,0.071,0.041,0.059,-0.069,0.018,0.135,0.07,0.089,0.043
105,0.027,0.004,0.117,-0.027,-0.002,0.116,0.044,-0.018,0.05,0.149,0.038,0.089,0.086,0.076,0.074,-0.085,0.046
106,0.027,0.092,0.068,0.086,-0.061,0.044,0.045,0.048,0.049,0.106,0.063,0.058,-0.008,0.105,0.101,0.124,0.059
107,-0.003,-0.002,0.066,-0.037,0.118,-0.007,0.103,0.139,0.079,-0.008,0.027,0.152,0.03,-0.031,-0.043,0.07,0.041
108,0.038,-0.043,0.111,0.104,0.07,-0.007,0.048,0.271,0.066,0.122,0.017,0.124,0.1,-0.018,0.058,0.146,0.075
109,0.1,0.042,0.021,0.076,0.035,-0.013,0.051,0.101,0.045,-0.023,0.01,-0.004,0.078,-0.001,0.051,0.105,0.042
110,-0.016,-0.049,0.073,0.168,0.056,0.007,0.084,0.069,0.051,0.162,0.066,0.067,0.006,0.167,0.099,0.007,0.064
111,-0.078,0.1,0.008,0.17,0.06,0.1,0.056,0.138,0.008,-0.051,0.123,-0.087,0.082,-0.064,0.002,0.045,0.038
112,0.016,0.028,0.124,0.008,0.028,0.089,0.101,0.123,0.052,-0.058,0.133,-0.048,0.066,0.108,0.053,0.068,0.056
113,0.035,0.098,0.044,0.173,0.068,0.06,0.125,0.09,0.016,0.038,0.097,0.097,0.087,0.111,0.076,0.219,0.09
114,0.078,0.016,0.038,0.163,0.031,0.097,0.008,0.046,0.057,0.058,0.033,0.134,0.027,0.084,0.022,-0.03,0.054
115,0.069,0.051,0.015,0.199,0.084,0,0.116,0.022,0.035,0.032,0.122,0.031,0.005,0.158,0.068,0.173,0.074
116,0.05,0.078,0.081,0.05,-0.023,0.11,0.037,0.13,0.032,0.06,0.059,0.045,0.089,0.147,0.057,0.105,0.069
117,0.1,0.078,0.085,0.063,0.085,0.041,0.049,0.169,-0.008,0.002,-0.025,0.147,-0.005,0.202,0.071,0.08,0.071
118,0.067,0.029,0.02,0.172,0.066,0.075,0.059,0.11,-0.008,0.104,0.107,0.034,0.084,0.03,0.065,0.07,0.068
119,0.024,0.013,0.067,0.131,0.09,0.194,0.067,0.248,0.024,0.069,0.103,-0.016,-0.085,0.031,0.1,-0.014,0.065
120,0.078,-0.011,0.173,0.084,0.043,-0.035,0.113,0.075,0.058,-0.012,0.162,0.132,0.048,0.182,0.084,0.115,0.08
121,-0.015,0.016,0.08,0.113,0.029,0.101,0.078,0.089,0.037,0.017,0.032,0.002,0.076,0.112,0.002,0.095,0.054
122,0.093,0.112,0.115,0.043,0.029,0.045,0.056,-0.048,0.053,0.061,0.085,0.054,0.109,-0.014,0.133,0.125,0.066
123,0.085,0.069,0.022,0.027,0.08,0.123,0.063,0.181,0.054,0.113,0.118,0.068,0.077,-0.017,0.063,0.108,0.077
124,0.03,0.009,0.065,0.107,0.041,-0.063,0.118,0.227,0.03,0.122,-0.022,0.019,0.047,0.087,0.103,-0.013,0.057
125,0.052,0.209,0.016,0.065,0.068,-0.014,0.075,0.151,0.08,0.06,0.021,0.116,0.095,-0.045,0.132,-0.017,0.066
126,0.033,0.08,0.119,0.035,0.007,0.087,0.089,0.101,0.06,0.165,0.068,0.109,0.06,0.094,0.02,0.045,0.073
127,0.011,0.083,0.102,0.155,-0.039,0.07,-0.011,0.13,0.089,0.114,0.145,-0.066,0.093,-0.022,0.1,0.045,0.062
128,0.05,0.204,0.11,0.075,0.069,0.008,0.051,0.126,0.076,0.131,0.031,0.172,0.049,0.147,0.04,0.143,0.093
129,0.051,0.106,0.148,0.09,-0.01,-0.004,0.043,0.183,0.023,0.037,0.096,0.042,0.169,0.117,0.118,0.119,0.083
130,0.107,0.091,0.074,0.096,0.084,0.002,0.024,-0.042,0.069,0.044,0.029,-0.036,0.009,0.116,0.084,0.041,0.049
131,0.013,0.079,0.088,0.137,0.087,-0.068,0.07,0.173,0.048,0.072,0.08,0.13,0.001,-0.085,0.094,0.2,0.07
132,0.022,-0.011,0.149,0.122,0.018,-0.048,0.161,0.171,0.078,-0.014,0.042,0.008,0.074,0.118,0.042,0.274,0.075
133,0.051,0.111,0.107,0.062,0.095,0.041,0.029,0.04,0.05,-0.122,0.132,-0.047,0.04,0.056,0.072,0.113,0.052
134,0.048,0.231,0.017,-0.109,0.018,-0.004,0.212,0.281,0.031,0.053,0.082,0.027,0.063,0.175,0.079,0.135,0.084
135,0.065,-0.043,0.057,0.254,0.137,-0.061,0.113,0.191,0.064,0.026,0.085,0.147,0.006,0.062,0.091,0.015,0.076
136,-0.01,0.167,0.117,0.06,0.037,-0.044,0.036,-0.032,0.051,0.044,0.183,0.113,0.062,0.096,0.061,0.024,0.06
137,0.074,0.079,0.136,0.058,0.021,0.178,0.119,0.079,-0.021,0.075,0.06,0.056,-0.091,0.059,0.091,0.169,0.071
138,0.087,-0.029,0.192,0.005,0.13,-0.029,0.113,0.273,0.09,-0.137,0.193,0.097,0.108,-0.029,0.124,0.053,0.078
139,-0.024,0.185,0.09,0.072,0.05,0.018,0.121,0.161,0.071,0.05,0.088,0.013,0.034,0.05,0.068,0.215,0.079
140,0.084,0.062,0.066,0.051,0.087,0.238,0.105,0.123,0.054,0.137,0.151,0.154,0.062,0.037,0.126,0.084,0.101
141,0.098,0.026,0.066,0.062,0.054,0.042,0.09,-0.067,-0.017,0.025,0.096,-0.021,0.067,0.053,0.044,0.116,0.046
142,0.051,0.081,0.149,0.004,-0.012,0.066,0.099,0.203,0.033,0.085,0.061,0.064,0.007,0.178,0.06,0.117,0.078
143,0.116,0.029,0.13,0.181,0.086,0.048,0.129,0.102,0.095,0.131,0.16,0.014,0.089,0.196,-0.042,0.072,0.096
144,-0.026,0.051,0.121,0.084,-0.022,0.06,0.136,0.069,0.088,-0.026,0.108,0.164,0.004,-0.041,0.162,0.255,0.074
145,0.01,0.076,0.089,0.18,0.046,-0.044,0.051,0.146,0.037,-0.043,0.095,0.175,0.044,0.22,0.15,0.168,0.087
146,-0.002,0.091,0.021,0.046,0.027,0.171,0.048,0.151,0.035,0.195,0.129,0.056,0.066,0.06,-0.01,0.033,0.07
147,-0.03,0.161,0.12,0.235,0.071,0.166,0.07,0.151,0.028,0.03,0.065,0.107,0.005,0.026,0.109,0.062,0.086
148,0.066,0.054,0.138,0.147,0.081,0.016,0.073,0.231,0.081,0.12,0.132,0.09,0.045,0.124,0.1,-0.017,0.093
149,0.077,-0.048,0.061,0.02,0.102,-0.014,0.112,0.239,0.099,-0.012,0.137,-0.184,0.036,0.163,0.094,0.015,0.056
150,0.041,0.164,0.025,0.091,0.033,0.069,0.113,0.029,0.07,0.134,0.029,0.139,0.052,0.102,-0.013,0.006,0.068
151,0.042,0.073,0.138,0.068,-0.028,-0.011,0.084,0.108,-0.011,0.013,0.064,0.115,0.034,0.083,0.082,0.104,0.06
152,0.05,0.178,0.122,0.061,0.092,0.05,0.129,0.186,0.036,0.099,0.134,0.254,0.095,-0.021,0.114,0.102,0.105
153,-0.004,0.055,0.092,0.069,0.074,0.038,0.074,0.215,0.057,-0.035,0.023,0.157,0.027,0.099,0.078,0.177,0.075
154,0.06,0.053,0.104,0.107,0.097,-0.007,0.087,0.245,0.056,0.026,0.041,0.22,0.033,0.124,0.099,0.009,0.085
155,0.071,0.016,0.185,0.09,0.011,0.041,0.088,0.191,0.107,0.078,0.093,0.147,0.069,0.219,0.161,0.093,0.104
156,0.142,0.088,0.044,0.163,0.034,0.01,0.104,-0.02,-0.036,0.005,0.086,0.102,0.11,0.243,0.061,0.083,0.076
157,-0.039,0.062,0.064,0.198,0.018,0.15,0.174,0.126,0.007,-0.068,0.089,0.091,0.106,0.084,0.133,0.187,0.086
158,0.082,0.067,0.11,0.157,0.071,0.204,0.082,0.121,0.079,-0.087,0.14,0.047,0.158,0.042,0.141,0.077,0.093
159,0.041,0.083,0.111,-0.057,0.072,0.094,0.052,0.05,0.084,-0.039,0.036,0.064,0.037,0.126,0.07,0.01,0.052
160,0.08,0.181,0.144,0.163,0.089,0.177,0.109,0.061,-0.032,0.209,0.062,-0.143,0.036,0.262,0.074,0.142,0.101
161,0.042,0.045,0.139,0.079,0.129,0.021,0.223,0.175,0.047,0.25,0.13,-0.011,0.025,0.086,0.07,0.035,0.093
162,0.112,0.115,0.122,0.027,0.069,0.052,0.082,0.207,0.062,0.11,0.027,0.033,0.111,0.066,0.095,0.257,0.097
163,-0.006,-0.041,0.13,0.099,0.085,-0.091,0.163,0.301,0.08,0.002,0.164,0.052,0.107,0.106,0.132,0.158,0.09
164,0.036,0.129,0.001,0.106,-0.003,0.037,-0.007,0.11,0.091,0.09,0.109,0.17,0.044,0.183,0.14,-0.003,0.077
165,0.083,0.294,0.043,0.173,0.117,0.194,0.138,-0.008,0.057,0.102,0.015,0.196,0.117,0.101,0.034,-0.016,0.102
166,0.105,0.16,0.113,-0.041,0.095,0.107,0.157,0.202,0.093,0.015,0.076,0.146,0.011,0.031,0.089,0.126,0.093
167,0.029,0.06,0.173,0.169,0.057,0.12,0.166,0.018,0.07,0.052,0.168,0.067,0.161,-0.108,0.117,0.15,0.092
168,0.024,0.106,0.193,0.138,0.159,0.005,0.177,0.111,0.051,0.197,0.047,0.05,0.115,0.151,0.068,0.262,0.116
169,0.101,0.069,0.11,0.112,0.088,0.024,0.095,-0.075,0.046,-0.074,0.137,-0.046,0.058,0.132,0.106,0.011,0.056
170,-0.003,0.006,0.176,0.085,0.018,0.124,0.149,0.12,0.058,0.069,0.129,0.175,0.12,0.203,0.207,0.104,0.109
171,0.033,-0.025,0.154,0.058,0.015,0.068,0.064,0.052,0.067,0.037,0.119,0.081,0.062,0.241,0.083,0.042,0.072
172,0.153,0.116,0.054,0.097,0.088,0.164,0.02,0.138,0.126,-0.01,0.06,-0.073,-0.012,0.143,0.093,0.217,0.086
173,0.087,0.129,0.129,0.19,0.074,0.072,-0.008,0.071,0.033,0.134,0.093,0.176,0.036,-0.036,0.165,0.138,0.093
174,0.039,0.139,0.187,0.196,0.039,0.083,0.126,0.272,0.046,0.026,0.094,0.171,-0.009,0.201,0.15,0.216,0.123
175,0.082,-0.026,0.049,0.189,0.109,0.161,0.042,0.135,0.039,0.088,0.172,0.032,0.16,0.136,0.104,0.06,0.096
176,0.079,-0.042,0.119,0.28,0.092,0.246,0.111,0.107,0.124,0.168,0.149,0.097,0.065,0.245,0.195,0.121,0.135
177,0.054,0.157,0.021,0.02,-0.028,-0.086,0.194,0.068,0.056,0.159,0.155,-0.061,0.089,0.001,0.065,0.312,0.073
178,0.067,0.191,0.141,0.045,0.067,0.181,0.107,0.169,0.095,0.008,0.078,0.114,-0.018,0.119,0.205,0.16,0.108
179,0.094,-0.018,0.107,0.049,0.138,0.073,0.063,0.211,0.109,0.078,0.16,0.053,0.048,0.169,0.112,-0.011,0.09
180,-0.006,0.097,0.099,0.056,0.038,-0.009,0.243,0.198,0.031,-0.013,0.111,0.188,0.106,0.043,0.145,0.11,0.09
181,0.125,-0.161,0.135,0.096,-0.003,0.112,0.127,0.165,0.07,0.147,0.138,0.203,0.14,0.136,0.144,0.007,0.099
182,0.033,0.02,0.093,0.083,0.01,0.308,0.043,0.081,0.142,0.129,0.096,0.144,0.083,0.056,0.145,-0.07,0.087
183,0.05,0.152,0.074,0.124,0.118,0.176,0.184,0.166,0.14,0.055,0.151,0.036,0.068,0.244,0.25,0.144,0.133
184,0.109,-0.01,0.078,0.053,0.06,0.064,0.157,0.005,0.069,0.119,0.193,0.053,0.038,-0.037,0.19,0.152,0.081
185,0.089,0.043,0.148,0.336,0.024,0.156,0.13,-0.081,0.074,-0.05,0.148,0.065,0.045,0.169,0.143,0.005,0.09
186,0.111,0.152,0.143,0.111,0.06,0.211,0.101,0.282,0.047,-0.136,0.125,0.099,0.095,-0.041,0.154,0.201,0.107
187,0.066,0.067,0.157,0.159,-0.008,0.133,0.018,0.348,0.143,-0.01,0.064,0.315,0.081,0.125,0.029,0.05,0.109
188,0.078,0.2,0.146,0.062,0.067,0.042,0.051,0.09,0.095,0.01,0.085,0.08,0.155,0.159,0.09,0.103,0.094
189,0.037,-0.029,0.128,0.25,0.132,0.096,0.133,0.095,0.085,0.078,0.049,0.038,0.054,0.269,0.117,0.105,0.102
190,0.08,-0.053,0.13,0.139,0.133,0.214,0.138,-0.043,0.136,0.015,0.087,0.077,0.111,0.04,0.191,0.246,0.103
191,0.05,-0.008,0.169,0.01,0.151,0.064,0.154,0.108,0.071,-0.022,0.124,0.286,0.109,0.147,0.112,0.088,0.101
192,0.055,0.1,0.205,0.218,-0.001,0.284,0.221,0.07,-0.006,-0.009,0.06,-0.039,0.066,0.145,0.113,0.144,0.102
193,0.003,0.198,0.051,0.122,0.096,0.23,0.077,0.134,0.122,0.191,0.14,0.212,0.062,0.183,0.142,0.055,0.126
194,0.084,0.002,0.139,-0.037,0.11,0.104,0.135,0.062,0.053,0.117,0.067,0.073,0.058,0.118,0.191,-0.038,0.077
195,0.025,0.072,0.068,0.157,0.133,0.213,0.032,0.048,0.01,-0.038,0.216,0.28,0.114,0.199,0.086,0.167,0.111
196,0.091,0.166,0.095,0.128,0.05,0.161,0.192,0.095,0.096,0.064,0.232,0.185,0.058,0.198,0.013,0.047,0.117
197,0.048,0.15,0.087,0.223,-0.017,0.201,0.07,0.205,0.042,0.176,0.14,-0.073,0.069,0.107,0.217,0.128,0.111
198,0.162,-0.085,0.181,0.212,0.031,-0.069,0.125,0.174,0.039,-0.074,0.141,0.253,0.133,0.259,0.089,0.244,0.113
199,0.08,0.207,0.026,0.027,-0.039,0.048,0.099,0.102,0.033,0.116,0.187,0.022,0.096,0.077,0.239,-0.023,0.081
200,0.133,0.098,0.101,0.26,-0.01,0.027,0.221,-0.001,0.065,0.086,0.125,0.257,0.023,0.144,0.113,-0.126,0.095
201,0.113,-0.012,0.073,0.034,0.07,0.041,0.124,0.207,0.067,0.09,0.036,0.189,0.107,0.137,0.092,0.214,0.099
202,0.05,0.152,0.138,0.231,0.093,0.091,-0.026,0.259,0.049,0.075,0.259,0.288,0.005,-0.012,0.107,0.128,0.118
203,0.113,0.055,0.08,0.124,0.068,0.121,0.155,0.147,0.133,0.137,0.142,0.086,0.156,0.153,0.142,0.136,0.122
204,0.061,0.077,0.131,0.059,0.057,0.249,0.223,0.009,0,0.043,0.165,0.062,0.051,0.096,0.137,0.061,0.093
205,0.023,0.262,0.123,0.088,-0.002,0.242,0.131,0.042,0.124,0.118,0.18,-0.041,0.148,0.019,0.232,0.184,0.117
206,0.068,0.179,0.218,0.2,0.104,0.183,0.185,0.373,0.106,0.011,0.207,0.112,0.046,-0.059,0.132,0.229,0.143
207,0.126,0.019,0.175,0.036,0.143,0.027,0.095,0.078,0.026,0.161,0.116,0.132,0.159,0.061,0.199,0.18,0.108
208,0.192,-0.045,0.144,0.098,0.118,0.184,0.203,0.166,0.09,0.049,0.102,0.232,0.176,0.186,0.183,0.133,0.138
209,0.065,0.043,0.104,0.078,0.054,-0.059,0.094,0.118,0.126,0.095,0.091,0.023,0.095,0.049,0.002,0.249,0.077
210,0.105,0.102,0.184,0.062,0.082,-0.015,0.137,0.125,0.049,0.084,0.099,0.236,0.093,0.052,-0.068,0.243,0.098
211,0.074,0.17,0.25,0.156,0.156,0.232,0.118,0.158,-0.008,0.069,0.047,0.167,0.139,0.166,0.174,0.076,0.134
212,0.14,-0.013,0.073,0.134,0.05,0.26,0.084,0.064,0.125,0.115,0.104,0.122,0.072,0.245,0.116,0.132,0.114
213,0.062,0.183,0.186,0.161,0.063,0.189,0.151,-0.07,0.15,0.181,0.07,0.185,-0.027,-0.051,0.264,0.298,0.125
214,0.014,0.18,0.095,0.264,0.127,-0.051,0.038,0.075,0.02,0.243,0.104,0.27,0.068,0.164,0.215,0.13,0.122
215,0.063,0.075,0.165,0.244,-0.052,-0.048,0.111,0.185,0.134,0.21,0.149,0.198,0.197,0.107,0.15,0.119,0.125
216,0.092,0.176,0.159,0.139,-0.007,0.051,0.07,0.067,0.108,0.184,0.079,0.12,0.096,0.161,0.175,0.134,0.113
217,0.105,-0.132,0.213,-0.027,0.027,0.116,0.042,0.22,-0.029,0.175,0.153,0.082,-0.014,0.08,0.176,0.158,0.084
218,0.049,0.079,0.107,0.295,0.076,0.103,0.133,0.303,0.018,-0.007,0.031,0.25,0.077,0.067,0.063,-0.007,0.102
219,0.04,0.132,0.188,0.057,0.176,0.128,0.166,0.227,0.075,0.052,0.242,0.201,0.084,0.076,0.201,0.058,0.131
220,0.07,0.064,0.128,0.034,0.178,0.136,0.087,0.226,0.055,0.057,0.06,0.156,0.031,0.179,0.174,0.14,0.111
221,0.134,0.098,0.147,0.135,0.066,0.059,0.164,0.031,0.017,0.178,0.184,0.069,0.104,0.133,0.068,0.113,0.106
222,0.011,0.019,0.224,0.029,0.123,0.143,0.089,0.157,0.082,0.071,0.07,0.04,0.095,0.051,0.234,0.218,0.103
223,0.132,0.122,0.046,0.142,0.026,0.375,0.115,-0.01,0.065,0.023,0.14,-0.051,0.047,0.161,0.062,0.216,0.101
224,0.11,0.061,0.065,0.283,0.176,-0.017,0.154,0.168,0.074,0.093,0.189,0.085,-0.02,0.152,0.15,0.096,0.114
225,-0.056,0.136,0.087,0.218,0.05,0.182,0.248,0.209,0.093,0.005,0.081,0.067,0.031,0.352,0.121,0.067,0.118
226,0.104,0.089,0.101,0.053,0.053,0.024,0.173,0.358,0.024,0.208,0.077,0.17,0.044,0.087,0.178,0.199,0.121
227,0.122,-0.034,0.199,0.134,-0.053,0.273,0.194,-0.011,0.069,-0.118,0.107,0.083,0.042,0.023,0.171,0.024,0.076
228,0.042,0.061,0.244,0.091,0.169,0.376,0.046,-0.01,0.07,0.211,0.147,0.217,0.077,0.235,0.147,0.203,0.145
229,0.004,0.102,0.094,0.233,0.067,0.122,0.152,0.092,-0.026,0.215,0.118,0.14,0.18,0.181,0.141,0.106,0.12
230,0.137,0.178,0.159,0.289,0.142,0.033,0.139,0.085,0.063,0.001,0.12,-0.024,0.102,0.126,0.121,0.164,0.115
231,0.162,0.233,0.167,0.079,0.128,-0.054,0.072,0.166,0.051,-0.024,0.103,0.218,0.06,0.222,0.158,0.174,0.12
232,0.041,0.126,0.16,0.218,0.078,0.114,0.13,-0.06,0.129,0.15,0.11,0.128,0.1,0.102,0.057,0.267,0.116
233,0.152,0.054,0.093,0.174,0.022,0.04,0.186,-0.351,0.088,0.096,0.133,0.134,0.1,0.219,0.173,0.046,0.085
234,0.004,-0.109,0.089,0.098,0.272,-0.08,0.097,-0.024,0.089,0.024,0.183,0.163,0.167,-0.023,0.171,-0.01,0.069
235,0.089,0.088,0.068,0.066,0.049,-0.051,0.175,0.03,0.133,0.105,0.08,0.105,0.127,0.117,0.189,0.116,0.093
236,0.136,0.041,0.223,0.264,0.074,0.069,0.146,0.136,-0.042,0.094,0.233,0.111,0.011,-0.062,0.179,0.144,0.11
237,0.079,0.09,0.166,0.11,0.115,0.037,0.124,0.265,0.077,0.207,0.156,0.267,0.134,0.107,0.076,0.099,0.132
238,0.065,0.026,0.05,0.162,0.081,0.131,0.284,0.113,0.055,0.269,0.195,0.007,0.126,0.22,0.218,0.256,0.141
239,0.137,0.149,0.179,0.081,0.069,-0.075,0.257,0.211,0.033,0.144,0.087,0.102,0.054,0.034,0.113,0.089,0.104
240,0.068,0.067,0.15,0.359,0.042,0.125,0.129,0.383,0.083,0.114,0.147,0.219,0.179,0.244,0.122,0.157,0.162
241,0.149,0.169,0.108,0.188,0.176,0.196,0.175,-0.057,0.109,0.047,0.138,0.221,0.095,0.241,-0.002,-0.173,0.111
242,0.099,0.1,0.17,0.271,0.122,0.147,0.15,0.121,0.009,0.039,0.13,0.046,0.172,0.061,0.222,0.147,0.125
243,0.13,-0.02,0.183,0.15,0.042,0.088,0.141,0.238,0.179,-0.027,0.184,0.279,-0.029,0.213,0.129,0.023,0.119
244,-0.003,0.014,0.202,0.133,0.096,-0.038,0.175,0.197,0.068,0.013,0.161,0.247,0.165,0.161,0.233,0.208,0.127
245,0.079,0.039,0.117,0.309,0.135,0.179,-0.008,0.097,0.083,-0.121,0.191,0.356,0.206,0.304,0.159,0.079,0.138
246,0.074,0.126,0.096,0.141,0.11,0.108,0.259,0.169,0.08,0.087,0.17,0.014,0.114,0.129,0.006,0.07,0.11
247,0.007,0.109,0.169,0.257,0.131,0.264,0.197,0.087,0.071,0.143,0.129,0.338,0.079,-0.014,0.225,0.068,0.141
248,0.218,0.157,0.141,0.052,0.102,0.365,0.226,0.138,0.17,-0.036,0.094,0.343,0.047,0.253,0.216,0.248,0.171
249,0.106,-0.131,0.122,0.176,0.135,0.131,0.155,0.502,0.131,0.001,0.25,0.096,0.112,0.09,0.235,0.244,0.147
250,0.024,-0.061,0.23,0.203,0.138,0.167,0.12,-0.143,0.138,0.034,0.159,0.18,0.009,0.195,0.163,0.001,0.097
251,0.036,0.189,0.129,0.091,0.054,0.051,0.106,0.068,0.181,0.177,0.23,0.063,0.118,0.149,0.081,0.097,0.114
252,0.112,0.149,0.131,-0.016,0.016,0.111,0.14,0.14,0.048,0.113,0.048,0.18,0.107,0.197,0.158,0.06,0.106
253,0.241,0.052,0.145,0.074,0.142,0.267,0.126,0.302,0.087,0.137,0.088,0.281,0.074,0.199,0.106,0.026,0.147
254,0.077,0.051,0.212,0.263,0.143,0.006,0.107,0.307,0.099,-0.015,0.07,0.13,0.061,0.007,0.275,0.221,0.126
255,0.065,-0.141,0.095,-0.028,0.107,0.074,0.171,0.246,0.079,0.001,0.115,0.079,0.086,0.17,0.108,0.415,0.103
256,0.05,0.062,0.193,0.171,0.192,0.014,0.176,0.372,0.051,0.082,0.089,0.214,0.076,0.119,0.185,0.054,0.131
257,0.031,-0.008,0.212,0.174,0.035,0.043,0.336,0.091,0.11,-0.101,0.081,0.237,0.078,0.051,0.2,0.076,0.103
258,0.165,-0.025,0.164,-0.006,0.019,0.083,0.024,0.124,0.009,0.079,0.189,0.22,0.159,0.203,0.167,0.065,0.102
259,0.037,0.031,0.15,0.183,0.135,-0.008,0.22,0.133,0.163,0.095,0.131,0.272,0.05,0.318,0.223,0.058,0.137
260,-0.007,0.047,0.221,0.081,0.091,0.196,0.202,0.244,0.115,0.221,0.185,0.182,0.081,0.326,0.195,0.353,0.171
261,-0.036,0.169,0.131,0.186,0.049,0.013,0.127,0.055,0.133,-0.026,0.093,0.167,0.143,-0.097,0.159,0.123,0.087
262,0.048,0.115,0.019,0.211,0.031,-0.062,0.134,0.179,-0.006,0.297,0.229,0.207,0.024,0.137,0.091,0.138,0.112
263,0.105,0.27,0.151,0.159,0.118,0.093,0.203,0.303,0.097,0.04,0.252,0.262,0.166,0.135,0.069,0.24,0.167
264,0.109,0.052,0.08,0.043,0.134,0.203,0.161,-0.11,0.127,0.138,0.119,0.137,0.004,0.218,0.185,0.237,0.115
265,0.079,-0.011,0.019,0.131,0.348,0.142,0.233,0.036,0.127,0.089,0.221,0.071,0.191,0.136,0.161,0.036,0.125
266,0.107,0.05,0.061,0.021,0.102,0.43,0.152,0.234,0.167,0.215,0.252,0.172,0.104,0.087,0.231,0.253,0.165
267,0.009,-0.02,0.163,0.018,0.139,0.063,0.197,0.287,0.069,0.177,0.148,0.003,0.116,0.169,0.103,0.196,0.115
268,0.107,0.062,0.132,0.111,0.066,0.294,0.201,0.421,0.089,-0.028,0.108,0.215,0.058,0.025,0.177,0.091,0.133
269,0.039,0.015,0.224,0.051,-0.022,-0.062,0.099,0.151,0.113,0.158,0.178,0.159,0.025,-0.008,0.134,-0.06,0.075
270,0.05,0.029,0.134,0.335,0.045,-0.007,0.162,0.145,0.113,-0.056,0.153,0.026,0.104,0.174,0.18,0.332,0.12
271,0.121,-0.068,0.177,0.191,0.266,0.228,0.149,0.263,0.054,0.043,0.19,0.273,0.109,0,0.2,-0.011,0.136
272,0.07,0.006,0.221,0.066,0.05,0.221,0.171,0.222,0.209,0.008,0.253,0.198,-0.014,0.134,0.061,0.28,0.135
273,0.011,-0.005,0.25,0.142,0.133,0.344,0.274,0.152,0.087,0.273,0.148,0.286,0.194,0.096,0.158,0.348,0.181
274,0.122,0.008,0.167,0.134,0.196,0.067,0.217,0.068,0.082,0.139,0.139,0.134,0.174,0.147,0.192,0.325,0.144
275,0.031,0.24,0.14,0.136,0.113,0.179,0.078,0.125,0.12,0.222,0.096,0.073,0.037,0.015,0.226,0.085,0.12
276,0.213,0.108,0.131,0.091,0.158,-0.002,0.209,0.242,0.156,0.063,0.156,0.388,0.118,0.162,0.225,0.028,0.153
277,0.102,0.048,0.034,0.011,0.012,-0.015,0.174,0.199,0.127,0.236,0.087,0.235,0.09,0.279,0.112,0.165,0.118
278,0.229,0.265,0.054,0.29,0.06,0.336,0.299,0.075,-0.006,0.046,0.226,0.144,0.127,-0.006,0.215,0.151,0.157
279,0.025,0.023,0.158,0.206,0.199,0.41,-0.017,-0.033,0.105,-0.031,0.146,0.341,0.129,-0.014,0.195,0.219,0.129
280,0.181,0.069,0.158,0.291,0.167,0.114,0.02,0.076,0.144,0.113,0.153,0.308,0.154,0.051,0.12,0.203,0.145
281,0.06,0.142,0.128,0.097,0.007,0.237,0.163,0.361,0.076,0.136,0.086,0.218,0.188,0.188,0.225,0.323,0.165
282,0.106,0.048,0.2,0.044,0.111,0.012,0.05,0.302,0.158,-0.125,0.135,0.216,0.246,0.055,0.036,0.231,0.114
283,0.161,0.147,0.206,0.116,-0.033,0.31,0.127,0.201,-0.032,-0.078,0.151,0.048,0.045,0.11,0.235,-0.015,0.106
284,0.062,0.17,0.083,0.165,0.179,0.077,0.221,-0.046,0.159,0.012,0.003,0.184,0.148,0.235,0.314,0.206,0.136
285,0.066,0.057,0.206,0.271,0.094,0.153,0.262,0.245,0.054,-0.11,0.192,0.227,-0.02,0.208,0.24,0.15,0.143
286,0.222,0.226,0.16,0.177,0.132,0.174,0.213,0.284,0.139,0.077,0.223,0.22,0.155,0.322,0.286,0.24,0.203
287,0.051,0.182,0.218,0.185,0.169,0.002,0.095,0.36,0.11,0.179,0.11,0.191,0.158,0.122,0.123,0.173,0.152
288,0.083,0.116,0.118,0.062,0.01,0.031,0.125,0.064,0.149,0.084,0.174,0.272,0.248,0.383,0.332,0.018,0.142
289,0.163,0.334,0.254,0.138,0.107,0.085,0.152,0.355,0.096,0.107,0.141,0.026,0.198,-0.009,0.071,0.094,0.144
290,0.103,0.247,0.144,0.221,0.176,-0.029,0.235,0.311,0.205,0.227,0.248,0.068,0.131,-0.064,0.231,0.306,0.172
291,0.128,0.113,0.224,0.171,0.175,-0.131,0.203,0.202,0.094,-0.018,0.198,0.392,0.086,0.073,0.276,0.112,0.144
292,0.028,0.142,0.03,0.269,0.103,0.034,0.183,0.091,0.17,0.064,0.129,0.25,0.06,0.057,0.029,-0.058,0.099
293,0.123,0.149,0.211,0.063,0.105,0.185,0.24,0.272,0.109,0.155,0.081,0.054,0.079,0.439,0.268,-0.007,0.158
294,0.118,0.238,0.279,0.342,0.177,0.073,0.13,-0.027,0.186,0.101,0.169,0.065,0.161,-0.112,0.214,0.343,0.153
295,0.011,0.031,0.19,0.266,0.042,0.295,0.121,0.236,0.094,0.236,0.303,-0.012,0.083,0.131,0.25,0.343,0.164
296,0.149,0.204,0.179,0.307,0.107,0.246,0.062,0.148,0.185,-0.035,0.077,0.108,0.068,0.269,0.19,-0.032,0.139
297,0.144,0.244,0.185,0.151,-0.005,0.071,0.147,0.136,0.111,0.349,0.161,0.152,0.087,0.202,0.282,0.215,0.164
298,0.059,0.042,0.157,0.123,0.179,0.243,0.244,0.273,0.23,0.062,0.211,-0.108,0.148,0.165,0.244,0.155,0.152
299,0.167,0.048,0.179,0.177,0.132,0.11,0.299,0.137,0.189,0.119,0.319,0.227,0.023,0.136,0.185,0.016,0.154
300,0.074,0.213,0.195,0.156,0.117,0.048,0.126,0.26,0.057,0.141,0.086,0.12,0.101,0.039,0.23,0.258,0.139
301,0.042,0.204,0.15,0.288,0.108,0.375,0.202,0.306,0.133,0.134,0.207,0.08,0.133,0.398,0.117,0.187,0.192
302,0.119,0.086,0.239,0.134,0.119,0.293,0.21,-0.101,0.083,0.169,0.262,0.168,0.253,0.149,0.252,0.439,0.18
303,0.069,0.034,0.192,0.262,0.102,0.307,0.188,0.109,0.13,0.015,0.127,0.253,0.156,0.378,0.062,0.161,0.159
304,0.121,0.037,0.167,0.082,0.132,-0.146,0.243,0.379,0.01,0.243,0.187,-0.081,0.147,0.03,0.279,0.213,0.128
305,0.181,0.066,0.071,0.218,0.136,0.18,0.237,0.016,0.067,-0.074,0.108,0.305,0.111,0.075,0.236,0.16,0.131
306,0.186,-0.052,0.154,0.054,0.089,0.086,0.287,0.332,0.087,0.255,0.171,0.333,0.138,0.133,0.236,0.122,0.163
307,0.007,0.26,0.124,0.042,0.098,0.466,0.235,0.46,0.049,0.19,0.186,0.052,0.183,-0.052,0.254,0.178,0.171
308,0.203,0.175,0.105,0.358,0.06,0.41,0.108,0.056,0.086,0.033,0.181,0.221,0.147,0.266,0.158,0.084,0.166
309,0.139,0.08,0.177,0.239,0.137,0.262,0.238,0.469,0.103,0.21,0.211,0.166,0.181,0.185,0.214,0.197,0.201
310,0.012,0.07,0.173,0.163,0.039,-0.04,0.001,0.241,0.104,0.073,0.234,0.148,0.044,-0.027,0.164,0.223,0.101
311,0.14,-0.037,0.142,0.038,0.17,0.25,0.132,-0.035,0.055,0.005,0.113,-0.01,0.146,0.305,0.293,0.191,0.119
312,0.033,0.168,0.135,0.213,0.267,0.042,0.22,0.127,0.09,0.212,0.152,0.008,0.114,0.141,0.279,0.393,0.162
313,0.185,0.018,0.297,0.118,0.186,0.166,0.227,0.071,0.178,0.172,0.27,0.152,0.156,0.456,0.23,0.263,0.197
314,0.056,0.053,0.167,0.265,0.047,0.156,0.204,0.29,0.116,0.018,0.185,0.204,0.093,-0.011,0.257,-0.151,0.122
315,0.131,0.155,0.237,0.045,0.166,0.295,0.104,0.254,-0.061,0.156,0.154,0.266,0.075,0.004,0.18,0.247,0.15
316,0.092,0.321,0.242,0.169,0.185,0.103,0.116,0.263,0.172,-0.056,0.232,0.284,-0.069,-0.048,0.217,0.369,0.162
317,0.222,0.228,0.202,0.316,0.211,0.045,0.282,0.46,0.054,0.111,0.31,0.249,0.139,0.304,0.038,-0.034,0.196
318,-0.012,0.111,0.232,0.058,0.104,-0.045,0.198,0.093,0.072,0.278,0.126,0.196,0.184,0.158,0.254,0.462,0.154
319,0.009,0.098,0.1,0.282,0.038,0.059,0.165,0.114,0.115,0.075,0.249,0.089,0.007,0.127,0.177,0.158,0.116
320,0.082,0.115,0.299,0.193,0.115,-0.01,0.255,0.187,0.141,0.18,0.29,0.284,0.205,-0.007,0,0.371,0.169
321,0.095,0.033,0.182,0.119,0.103,-0.065,0.316,0.087,0.061,0.163,0.155,0.286,0.202,0.082,0.139,0.149,0.132
322,0.099,0.178,0.13,0.256,0.15,0.151,0.018,-0.011,0.114,-0.043,0.143,0.234,0.173,0.022,0.211,0.215,0.127
323,0.082,0.021,0.254,0.127,0.029,0.457,0.224,0.254,0.183,0.143,0.262,0.289,0.099,0.089,0.145,0.15,0.175
324,0.124,0.234,0.214,0.238,0.101,0.164,0.154,0.314,0.054,0.224,0.236,0.107,0.238,0.189,0.032,0.399,0.189
325,0.137,0.199,0.156,0.09,-0.031,-0.082,0.214,0.133,0.133,0.3,0.22,0.111,0.17,0.231,0.268,0.379,0.164
326,0.077,0.009,0.082,0.19,0.057,0.141,0.282,0.235,0.195,0.135,0.256,0.472,0.127,0.069,0.25,0.18,0.172
327,0.083,-0.06,0.302,0.139,0.229,0.248,0.183,0.204,0.071,0.195,0.144,0.136,0.127,0.302,0.122,0.001,0.152
328,0.09,0.178,0.045,-0.177,0.323,0.126,0.181,0.124,0.183,0.041,0.232,0.018,0.184,0.337,0.323,0.31,0.157
329,0.12,0.12,0.208,0.328,0.108,0.138,0.253,0.086,0.159,0.089,0.142,0.429,0.158,0.084,0.262,0.345,0.189
330,0.025,0.082,0.24,0.147,0.239,0.227,0.205,0.07,0.136,0.172,0.315,0.247,0.195,0.305,0.202,0.057,0.179
331,0.13,0.133,0.256,0.348,0.046,0.106,0.201,0.356,0.21,0.139,0.267,0.106,0.182,0.13,0.261,0.162,0.189
332,0.098,-0.032,0.344,0.167,0.126,0.211,0.208,0.157,0.118,0.154,0.247,0.152,0.099,0.239,0.181,0.426,0.181
333,0.114,0.023,0.24,0.333,0.156,0.123,0.084,-0.016,0.079,0.16,0.288,0.379,0.108,0.112,0.098,0.188,0.154
334,0.095,0.109,0.195,0.048,0.129,0.32,0.238,0.366,0.05,0.071,0.258,0.09,0.108,0.248,0.193,0.477,0.187
335,0.145,-0.011,0.123,0.243,0.152,0.26,0.226,0.325,0.247,-0.015,0.117,0.09,0.154,0.051,0.228,-0.015,0.145
336,0.116,0.021,0.261,0.258,0.085,-0.015,0.168,-0.02,0.168,0.085,0.162,0.444,0.256,0.152,0.166,0.216,0.158
337,0.136,0.067,0.187,0.234,0.033,0.239,0.103,0.435,0.154,0.149,0.162,0.278,0.108,0.207,0.241,0.055,0.174
338,0.071,-0.078,0.212,0.183,0.158,0.203,0.111,0.082,0.133,-0.033,0.25,0.189,0.141,0.197,0.235,0.039,0.131
339,0.128,0.099,0.281,0.103,0.215,0.156,0.274,0.043,0.116,0.35,0.299,0.334,0.096,0.373,0.246,0.126,0.202
340,0.121,0.293,0.314,-0.017,-0.007,0.08,0.258,0.12,0.128,0.05,0.15,0.194,0.137,-0.097,0.197,0.419,0.146
341,0.178,0.25,0.14,0.172,0.071,0.21,0.331,0.184,0.099,0.094,0.099,0.138,0.162,0.114,0.044,0.087,0.148
342,0.048,0.164,0.228,0.22,-0.006,0.03,0.118,0.282,0.157,0.34,0.251,0.166,0.115,0.264,0.055,0.425,0.179
343,0.221,0.285,0.174,0.324,0.063,0.247,0.22,0.34,0.285,0.103,0.257,0.207,0.171,0.132,0.305,-0.05,0.205
344,-0.016,0.119,0.244,0.304,0.106,0.156,0.215,0.263,0.187,0.444,0.235,0.41,0.234,0.147,0.211,0.141,0.212
345,0.081,0.255,0.198,0.121,0.143,0.583,0.251,0.372,0.138,0.052,0.076,0.061,0.101,0.257,0.194,0.266,0.197
346,0.161,0.158,0.336,0.126,0.132,0.129,0.168,0.396,0.126,0.118,0.307,0.207,0.176,0.198,0.169,0.362,0.204
347,0.097,0.041,0.126,0.299,0.126,0.307,0.064,0.282,0.252,-0.011,0.221,0.316,0.131,0.143,0.282,0.139,0.176
348,0.134,0.262,0.169,0.246,0.264,0.124,0.211,0.309,0.138,0.034,0.189,0.142,0.151,-0.065,0.352,0.177,0.177
349,0.11,0.148,0.309,0.146,0.16,0.225,0.184,0.292,0.132,0.097,0.118,0.337,0.23,0.092,0.256,0.139,0.186
350,0.105,0.188,0.103,0.338,0.207,0.246,0.182,0.249,0.227,0.107,0.254,0.301,0.095,0.055,0.33,0.408,0.212
351,0.12,0.078,0.244,0.161,0.271,0.304,0.327,0.067,0.088,0.09,0.153,0.348,0.131,0.21,0.145,0.015,0.172
352,0.187,0.136,0.265,0.232,0.324,0.192,0.131,0.527,0.077,0.297,0.178,0.248,0.099,0.258,0.203,0.282,0.227
353,0.112,0.255,0.234,0.087,0.183,0.106,0.46,0.242,-0.145,0.177,0.265,0.229,0.194,0.098,0.142,0.424,0.191
354,0.13,0.278,0.335,0.185,0.148,0.429,0.216,0.245,0.052,0.217,0.226,0.26,0.066,0.244,0.305,0.189,0.22
355,0.099,0.368,0.231,0.16,0.023,-0.05,0.255,0.069,0.18,0.186,0.104,0.194,0.057,0.255,0.219,0.197,0.159
356,0.132,0.118,0.055,0.378,0.233,0.383,0.372,0.058,0.11,0.234,0.265,0.327,0.203,0.193,0.391,0.327,0.236
357,0.133,0.276,0.297,0.293,0.159,0.131,0.116,0.378,0.084,0.032,0.197,0.16,0.168,0.051,0.176,0.447,0.194
358,0.101,0.19,0.309,0.223,0.179,0.17,0.221,0.24,0.159,0.088,0.204,0.165,0.131,0.062,0.174,0.203,0.176
359,0.127,-0.033,0.22,0.315,0.227,0.348,0.312,0.388,0.144,0.053,0.311,0.163,0.052,0.244,0.251,0.273,0.212
360,0.101,-0.029,0.169,0.146,0.062,0.328,0.241,0.122,0.192,-0.067,0.254,0.293,0.16,0.104,0.35,0.036,0.154
361,0.054,0.165,0.139,0.269,0.1,0.156,0.146,0.296,0.222,0.088,0.41,0.114,0.057,0.255,0.329,0.401,0.2
362,0.037,0.042,0.217,0.333,0.117,0.131,0.257,0.319,0.141,0.081,0.165,0.242,0.165,0.352,0.24,0.379,0.201
363,0.129,0.324,0.225,0.223,0.002,-0.023,0.201,0.241,0.217,0.155,0.257,0.494,0.123,0.252,0.243,0.032,0.193
364,0.097,0.239,0.224,0.33,0.034,-0.079,0.197,-0.058,0.19,0.101,0.197,0.211,0.146,0.177,0.248,0.297,0.159
365,0.206,0.065,0.261,0.194,0.132,0.553,0.084,0.134,0.079,0.154,0.306,0.086,0.037,0.091,0.304,-0.124,0.16
366,0.179,0.128,0.24,0.177,0.092,0.091,0.217,0.298,0.118,0.089,0.234,0.302,0.068,0.408,0.132,0.05,0.176
367,0.092,0.271,0.217,0.466,0.211,0.176,0.378,0.355,0.196,0.025,0.23,0.079,0.283,0.442,0.24,0.444,0.257
368,0.279,0.329,0.086,0.532,0.249,0.031,0.259,0.363,0.229,0.076,0.325,0.001,0.129,0.12,0.248,0.113,0.211
369,0.162,0.022,0.139,0.267,0.049,0.575,0.298,0.031,0.068,0.199,0.299,0.488,0.265,0.101,0.279,0.164,0.213
370,0.233,0.354,0.243,0.294,0.117,-0.057,0.136,0.218,0.14,-0.057,0.189,0.199,-0.053,0.311,0.172,-0.12,0.145
371,0.032,0.183,0.265,0.27,0.247,0.336,0.202,0.422,0.247,0.098,0.302,0.06,0.142,-0.023,0.129,0.155,0.192
372,0.059,0.161,0.249,0.179,0.011,0.007,0.166,0.06,0.07,0.154,0.203,0.267,0.215,0.147,0.297,0.484,0.171
373,0.04,0.062,0.213,0.28,0.12,0.431,0.214,0.137,0.05,0.148,0.259,0.426,0.047,0.157,0.348,0.084,0.189
374,0.12,0.007,0.186,0.055,0.137,-0.011,0.203,0.259,0.106,0.157,0.237,0.131,0.117,0.112,0.155,0.458,0.152
375,0.204,0.107,0.228,0.353,0.187,0.208,0.251,0.14,0.033,0.07,0.354,0.061,0.193,0.236,0.163,0.205,0.187
376,0.162,0.189,0.144,0.32,0.081,0.037,0.215,0.427,0.15,0.113,0.291,0.196,0.066,0.165,0.322,0.241,0.195
377,0.066,-0.042,0.146,0.357,0.022,0.204,0.32,0.48,0.131,0.075,0.152,0.184,0.085,0.216,0.084,0.346,0.177
378,0.085,0.159,0.246,0.298,0.094,0.147,0.336,-0.019,0.219,0.032,0.151,0.27,0.157,0.159,0.333,0.366,0.19
379,0.07,0.139,0.185,0.372,0.215,0.424,0.186,0.193,0.167,-0.243,0.303,0.144,0.131,0.304,0.165,0.042,0.175
380,0.13,-0.149,0.333,0.129,0.188,0.35,0.168,0.352,0.225,-0.07,0.288,0.087,0.055,0.224,0.243,0.327,0.18
381,0.208,0.103,0.254,0.396,0.178,0.382,0.286,0.443,0.029,0.174,0.269,0.274,0.026,0.267,0.318,0.323,0.246
382,0.2,0.18,0.141,0.23,0.107,-0.035,0.323,0.039,0.085,0.334,0.304,0.007,0.143,-0.017,0.254,0.044,0.146
383,0.158,-0.04,0.175,0.151,0.183,0.294,0.298,0.018,0.12,0.143,0.295,0.199,0.056,0.198,0.138,0.373,0.172
384,0.131,0.185,0.277,0.137,0.121,0.113,0.068,0.245,0.232,0.249,0.197,0.345,0.178,0.18,0.277,0.088,0.189
385,0.265,0.226,0.264,0.371,0.113,0.061,0.222,0.361,0.152,0.127,0.442,0.19,0.183,0.215,0.12,0.222,0.221
386,0.049,0.136,0.223,0.35,0.136,0.269,0.138,0.488,0.239,0.117,0.188,0.222,0.26,0.12,0.287,0.41,0.227
387,0.302,0.308,0.251,0.295,0.102,0.426,0.136,0.192,0.271,0.066,0.245,0.109,0.145,0.399,0.118,0.402,0.235
388,0.129,0.02,0.311,0.369,-0.021,0.25,0.229,-0.045,0.128,0.101,0.273,0.236,0.139,-0.059,0.185,-0.009,0.14
389,0.133,0.198,0.208,0.274,0.264,0.271,0.17,0.275,0.137,0.175,0.234,0.245,-0.092,0.425,0.254,0.1,0.204
390,0.097,0.213,0.2,0.282,0.028,0.325,0.133,0.384,0.16,0.258,0.247,0.215,0.072,0.157,0.289,0.305,0.21
391,0.118,0.056,0.263,-0.014,0.382,0.134,0.268,0.145,0.129,0.164,0.234,0.177,0.21,0.182,0.371,0.451,0.204
392,0.12,0.244,0.249,-0.155,0.06,0.371,0.245,0.186,0.174,0.309,0.301,0.007,0.182,0.232,0.273,-0.072,0.17
393,0.108,0.299,0.236,0.258,0.039,-0.084,0.231,0.454,0.031,0.067,0.154,0.355,-0.032,0.305,0.262,0.321,0.188
394,0.155,-0.095,0.36,0.18,0.006,0.116,0.293,0.11,0.05,0.108,0.13,0.285,0.141,0.317,0.325,0.348,0.177
395,0.151,0.152,0.272,0.198,0.323,0.009,0.283,0.366,0.169,0.217,0.179,0.077,0.121,0.216,0.263,0.307,0.207
396,0.063,0.031,0.297,0.335,0.155,-0.115,0.273,0.019,0.117,0.166,0.328,0.218,0.164,0.351,0.318,0.327,0.19
397,0.053,0.163,0.362,0.424,0.044,-0.026,0.349,0.569,0.178,0.093,0.307,0.197,0.3,0.128,0.375,0.316,0.24
398,0.085,0.001,0.154,0.286,0.101,0.226,0.182,0.377,0.094,-0.036,0.262,0.181,0.212,0.465,0.312,0.247,0.197
399,0.085,0.294,0.18,0.271,-0.107,0.145,0.302,0.413,0.078,0.154,0.196,0.244,0.335,0.394,0.23,0.319,0.221
400,0.186,0.198,0.102,0.102,0.163,0.126,0.305,0.257,0.136,-0.02,0.157,0.266,0.015,0.084,0.129,0.349,0.16
AVE.,0.069,0.075,0.123,0.126,0.077,0.101,0.124,0.135,0.074,0.072,0.124,0.121,0.081,0.112,0.128,0.124,0.104
